Workbook

Sheet Sheet 1 - assemblies
A1: Accession name | B1: Accession | C1: Population
A2: LepYark_1.0 | B2: GCA_047496845.1_LepYark_1.0_genomic__AMPH__STARD3NL__CM105099.1__extracted__TRG | C2: Yarkand hare
A3: LepYark_1.0 | B3: GCA_047496845.1_LepYark_1.0_genomic__MGAM__EPHB6__CM105080.1__extracted__TRB | C3: Yarkand hare
A4: LepYark_1.0 | B4: GCA_047496845.1_LepYark_1.0_genomic__RPIA__PAX8__CM105094.1__extracted__IGK | C4: Yarkand hare
A5: LepYark_1.0 | B5: GCA_047496845.1_LepYark_1.0_genomic__SALL2__DAD1__CM105092.1__extracted__TRA | C5: Yarkand hare
A6: LepYark_1.0 | B6: GCA_047496845.1_LepYark_1.0_genomic__SLC5A4__AIFM3__CM105103.1__extracted__IGL | C6: Yarkand hare
A7: LepYark_1.0 | B7: GCA_047496845.1_LepYark_1.0_genomic__TMEM121__-__CM105101.1__extracted__IGH | C7: Yarkand hare
A8: GCA_051225735.1 | B8: GCA_051225735.1_ASM5122573v1_genomic__AMPH__STARD3NL__CM119115.1__extracted__TRG | C8: Chinese yellow rabbit
A9: GCA_051225735.1 | B9: GCA_051225735.1_ASM5122573v1_genomic__MGAM__EPHB6__CM119102.1__extracted__TRB | C9: Chinese yellow rabbit
A10: GCA_051225735.1 | B10: GCA_051225735.1_ASM5122573v1_genomic__RPIA__PAX8__CM119101.1__extracted__IGK | C10: Chinese yellow rabbit
A11: GCA_051225735.1 | B11: GCA_051225735.1_ASM5122573v1_genomic__SALL2__DAD1__CM119111.1__extracted__TRA | C11: Chinese yellow rabbit
A12: GCA_051225735.1 | B12: GCA_051225735.1_ASM5122573v1_genomic__SLC5A4__AIFM3__CM119120.1__extracted__IGL | C12: Chinese yellow rabbit
... A25: mOryCun1.1 | B25: GCF_964237555.1_mOryCun1.1_genomic__TMEM121__-__NC_091451.1__extracted__IGH.fasta | C25: Wild rabbit

Sheet Sheet2
A1: Population | G1: GCA_000001405.15_GRCh38_no_alt_analysis_set.PanSN. | I1: =LEFT(G1,LEN(G1)-1) -> GCA_000001405.15_GRCh38_no_alt_analysis_set.PanSN | J1: =IF(COUNTIF('Sheet 1 - assemblies'!B:B,Sheet2!I1)=1,TRUE,FALSE) -> FALSE
A2: Unspecified | B2: =COUNTIF('Sheet 1 - assemblies'!C:C,Sheet2!A2) -> 0 | G2: GCF_000001405.40_GRCh38.p14_genomic. | I2: =LEFT(G2,LEN(G2)-1) -> GCF_000001405.40_GRCh38.p14_genomic | J2: =IF(COUNTIF('Sheet 1 - assemblies'!B:B,Sheet2!I2)=1,TRUE,FALSE) -> FALSE
A3: EUR | B3: =COUNTIF('Sheet 1 - assemblies'!C:C,Sheet2!A3) -> 0 | G3: GCF_009914755.1. | I3: =LEFT(G3,LEN(G3)-1) -> GCF_009914755.1 | J3: =IF(COUNTIF('Sheet 1 - assemblies'!B:B,Sheet2!I3)=1,TRUE,FALSE) -> FALSE
A4: EAS | B4: =COUNTIF('Sheet 1 - assemblies'!C:C,Sheet2!A4) -> 0 | G4: HG00097_hap1_hprc_r2_v1.0.1. | I4: =LEFT(G4,LEN(G4)-1) -> HG00097_hap1_hprc_r2_v1.0.1 | J4: =IF(COUNTIF('Sheet 1 - assemblies'!B:B,Sheet2!I4)=1,TRUE,FALSE) -> FALSE
A5: AMR | B5: =COUNTIF('Sheet 1 - assemblies'!C:C,Sheet2!A5) -> 0 | G5: HG00097_hap2_hprc_r2_v1.0.1. | I5: =LEFT(G5,LEN(G5)-1) -> HG00097_hap2_hprc_r2_v1.0.1 | J5: =IF(COUNTIF('Sheet 1 - assemblies'!B:B,Sheet2!I5)=1,TRUE,FALSE) -> FALSE
A6: AFR | B6: =COUNTIF('Sheet 1 - assemblies'!C:C,Sheet2!A6) -> 0 | G6: HG00099_hap1_hprc_r2_v1.0.1. | I6: =LEFT(G6,LEN(G6)-1) -> HG00099_hap1_hprc_r2_v1.0.1 | J6: =IF(COUNTIF('Sheet 1 - assemblies'!B:B,Sheet2!I6)=1,TRUE,FALSE) -> FALSE
A7: SAS | B7: =COUNTIF('Sheet 1 - assemblies'!C:C,Sheet2!A7) -> 0 | G7: HG00099_hap2_hprc_r2_v1.0.1. | I7: =LEFT(G7,LEN(G7)-1) -> HG00099_hap2_hprc_r2_v1.0.1 | J7: =IF(COUNTIF('Sheet 1 - assemblies'!B:B,Sheet2!I7)=1,TRUE,FALSE) -> FALSE
G8: HG00126_hap1_hprc_r2_v1.0.1. | I8: =LEFT(G8,LEN(G8)-1) -> HG00126_hap1_hprc_r2_v1.0.1 | J8: =IF(COUNTIF('Sheet 1 - assemblies'!B:B,Sheet2!I8)=1,TRUE,FALSE) -> FALSE
G9: HG00126_hap2_hprc_r2_v1.0.1. | I9: =LEFT(G9,LEN(G9)-1) -> HG00126_hap2_hprc_r2_v1.0.1 | J9: =IF(COUNTIF('Sheet 1 - assemblies'!B:B,Sheet2!I9)=1,TRUE,FALSE) -> FALSE
G10: HG00128_hap1_hprc_r2_v1.0.1. | I10: =LEFT(G10,LEN(G10)-1) -> HG00128_hap1_hprc_r2_v1.0.1 | J10: =IF(COUNTIF('Sheet 1 - assemblies'!B:B,Sheet2!I10)=1,TRUE,FALSE) -> FALSE
G11: HG00128_hap2_hprc_r2_v1.0.1. | I11: =LEFT(G11,LEN(G11)-1) -> HG00128_hap2_hprc_r2_v1.0.1 | J11: =IF(COUNTIF('Sheet 1 - assemblies'!B:B,Sheet2!I11)=1,TRUE,FALSE) -> FALSE
G12: HG00133_hap1_hprc_r2_v1.0.1. | I12: =LEFT(G12,LEN(G12)-1) -> HG00133_hap1_hprc_r2_v1.0.1 | J12: =IF(COUNTIF('Sheet 1 - assemblies'!B:B,Sheet2!I12)=1,TRUE,FALSE) -> FALSE
G13: HG00133_hap2_hprc_r2_v1.0.1. | I13: =LEFT(G13,LEN(G13)-1) -> HG00133_hap2_hprc_r2_v1.0.1 | J13: =IF(COUNTIF('Sheet 1 - assemblies'!B:B,Sheet2!I13)=1,TRUE,FALSE) -> FALSE
G14: HG00140_hap1_hprc_r2_v1.0.1. | I14: =LEFT(G14,LEN(G14)-1) -> HG00140_hap1_hprc_r2_v1.0.1 | J14: =IF(COUNTIF('Sheet 1 - assemblies'!B:B,Sheet2!I14)=1,TRUE,FALSE) -> FALSE
G15: HG00140_hap2_hprc_r2_v1.0.1. | I15: =LEFT(G15,LEN(G15)-1) -> HG00140_hap2_hprc_r2_v1.0.1 | J15: =IF(COUNTIF('Sheet 1 - assemblies'!B:B,Sheet2!I15)=1,TRUE,FALSE) -> FALSE
G16: HG00146_hap1_hprc_r2_v1.0.1. | I16: =LEFT(G16,LEN(G16)-1) -> HG00146_hap1_hprc_r2_v1.0.1 | J16: =IF(COUNTIF('Sheet 1 - assemblies'!B:B,Sheet2!I16)=1,TRUE,FALSE) -> FALSE
G17: HG00146_hap2_hprc_r2_v1.0.1. | I17: =LEFT(G17,LEN(G17)-1) -> HG00146_hap2_hprc_r2_v1.0.1 | J17: =IF(COUNTIF('Sheet 1 - assemblies'!B:B,Sheet2!I17)=1,TRUE,FALSE) -> FALSE
G18: HG00232_hap1_hprc_r2_v1.0.1. | I18: =LEFT(G18,LEN(G18)-1) -> HG00232_hap1_hprc_r2_v1.0.1 | J18: =IF(COUNTIF('Sheet 1 - assemblies'!B:B,Sheet2!I18)=1,TRUE,FALSE) -> FALSE
G19: HG00232_hap2_hprc_r2_v1.0.1. | I19: =LEFT(G19,LEN(G19)-1) -> HG00232_hap2_hprc_r2_v1.0.1 | J19: =IF(COUNTIF('Sheet 1 - assemblies'!B:B,Sheet2!I19)=1,TRUE,FALSE) -> FALSE
... G467: hg002v1.1.pat.PanSN. | I467: =LEFT(G467,LEN(G467)-1) -> hg002v1.1.pat.PanSN | J467: =IF(COUNTIF('Sheet 1 - assemblies'!B:B,Sheet2!I467)=1,TRUE,FALSE) -> FALSE
